{"f_UZG": [0.4511320012443079, 0.30169768153580795, 0.42438517633554046, 0.407143181151383, 0.6279958423650942, 0.4328031444546736, 0.23556951716686317, 0.37157431179206923, 0.7815877922292558, 0.5303636383150877, 0.5120907316586364, 0.5842942723674107, 0.1751568820146427, 0.24755552108032838, 0.8597019400533993, 0.3164723750529401, 0.44106872158693233, 0.3329431068909821, 0.29045590637716256, 0.4023337948250093, 0.42094435887891213, 0.6716491738573358], "epsilon": [[0.0051660406252634255, 0.012715100428063668, 0.010977355844996081, 0.013480546014104216, 0.011772916464927317, 0.008173470624498781, 0.010806914759113795, 0.006149654514269088, 0.00709098422247686, 0.0066492184110558145, 0.01227842497929261, 0.006652288560988385, 0.008824532423298944, 0.00885746242569872, 0.010675371872209289, 0.013284068716972517, 0.010145143609089859, 0.007337255995461527, 0.00630273765067147, 0.012968197757838106, 0.010898704718334155, 0.005156794300156393], [0.00948153732260126, 0.010886471854424238, 0.01091449264813418, 0.012103979717815004, 0.01565967054686014, 0.006777260704565069, 0.009553912773016371, 0.00878259594234379, 0.009671152985369172, 0.005196898167115349, 0.006688896141360791, 0.014496088167311166, 0.005711662530499857, 0.011263944422096163, 0.010284162997896496, 0.013153585831522296, 0.003785155619625929, 0.005924819026176437, 0.0030920731929332435, 0.010433654692769665, 0.01371706059204486, 0.014045036265999868], [0.009812819400520555, 0.006562167103083974, 0.013419694418760118, 0.008378006243434499, 0.004509717351121918, 0.009224983598461968, 0.015428255627958751, 0.010123743373885552, 0.01300496738271074, 0.00975843970387526, 0.009450122720163835, 0.007237793445937864, 0.01242563041991434, 0.01012982110810779, 0.006943854474872367, 0.010337894329805001, 0.005520539836826034, 0.012101303259258447, 0.007645449979781821, 0.008860521768533483, 0.007340929212030943, 0.0056094073417944645], [0.014201110659448733, 0.011210069339841738, 0.005773493791576712, 0.012339634293638333, 0.009881416132171512, 0.001589963015656342, 0.009115067659250487, 0.00645394490470356, 0.011610226535210584, 0.012147017963578201, 0.01217964333760058, 0.006008726266947444, 0.012736471945735121, 0.008860395956365796, 0.008840669669657263, 0.005081629775680614, 0.010095055884980048, 0.014673255297809168, 0.012854355510521746, 0.014345670190455694, 0.005366266263426543, 0.01451145482677053], [1.1856926311957604e-05, 1.086697525821114e-06, 1.3047639034998109e-05, 7.923031944742787e-06, 1.8949043039501404e-05, 1.4356830915382861e-05, 2.0269461474915263e-06, 2.806377322273906e-05, 2.3066116185333733e-05, 1.5216331363856838e-05, 3.5769286988535044e-06, 1.0573258447152214e-05, 1.690652746023711e-05, 1.732632782576916e-05, 2.3177485401121355e-06, 4.774855788810297e-06, 2.9502935839329624e-06, 1.2851428914897314e-05, 3.5636573440897547e-06, 1.3200981300633141e-05, 3.174853970038193e-06, 9.847483522232709e-06]], "sigma": [[0.5418421990145694, 0.9217083531730055, 0.5457160930485849, 1.0928500043905562, 1.6128344076227417, 1.1984269762314281, 0.5209455269018969, 0.9642674264813003, 0.8278714250687924, 0.7939741573679834, 0.8949788508243096, 1.1729022956143904, 1.0624292352289737, 1.128614172879155, 0.7183671449387979, 1.6438411928258323, 1.4237539795895797, 0.7377204070552525, 0.951680098665683, 1.1597923235412155, 1.566958373765856, 0.9155973264689993], [0.827249140486816, 0.9105109061041116, 0.8066192420202346, 0.52117623552738, 0.786107744850398, 0.482526496810365, 0.8527676807961242, 0.7938841493165858, 0.884788541605384, 0.6728882088824498, 1.0265377985111397, 0.7518067639647474, 1.544517718341633, 0.5784453791377396, 1.570273717666568, 0.6150976613823501, 1.3929176751814825, 1.271292459464449, 1.2642282222291028, 1.135469417514502, 0.595414323726459, 0.9533652426816877], [0.9944891018689259, 1.3656435443764074, 0.89294170096451, 1.3683642350425629, 0.690121104517593, 0.5445055176367198, 1.151554929957304, 1.59074525549126, 0.7512487124366984, 0.7544881235613378, 1.0178842569165787, 0.725879443499698, 0.9345995674512839, 0.7783571405075297, 0.9862120902981205, 1.3971611521494665, 0.6608867170245665, 0.39539112732663473, 0.8440464115908107, 1.3256912720949376, 1.732063955782343, 0.9579135533516513], [1.1776175896886563, 0.4514231564191621, 1.2524953455037515, 0.6103660067717337, 0.603657131504499, 1.4633932153769393, 0.6181959529221613, 1.0913405665565672, 0.9256250288700372, 0.8907238125456876, 1.2146951084366517, 1.212829728328437, 0.8430923942319615, 1.0866152302009486, 0.9410014121207285, 1.1310927494250271, 1.055317050384243, 0.9208242237641016, 0.5863798830687035, 0.5525966733267718, 0.7877654395980838, 1.3022646335421233], [2.900189555866026, 1.518393498111367, 2.6846141244350523, 2.851356118170118, 2.2314822644886485, 1.7439513663154518, 2.5251992847958133, 2.3550127177687186, 1.7410580624295144, 2.0387679296885, 2.854389685743823, 1.38877984281476, 2.045221306461813, 2.8452551560562, 2.262725993161494, 2.432620788403866, 1.3606157138376238, 2.166393570282941, 1.8949063207758265, 2.1457939142761413, 2.5042265201585234, 2.329997369086275]], "start_calibration": "2020-08-01", "end_calibration": "2021-03-01", "n_chains": 22, "labels": ["$f_{UZG}$", "$\\epsilon$", "$\\sigma$"], "parameters": ["f_UZG", "epsilon", "sigma"], "starting_estimate": [0.5, 0.01, 0.01, 0.01, 0.01, 1e-05, 1.0, 1.0, 1.0, 1.0, 2.0]}